Provider ID,Hospital Name,Address,City,State,ZIP Code,County Name,Measure Name,Measure ID,VHA National Rate,Compared To National,Denominator,Score,Lower Estimate,Higher Estimate,Footnote,Measure Start Date,Measure End Date
"01014F","BIRMINGHAM VA MEDICAL CENTER","700 SOUTH 19TH STREET","BIRMINGHAM","AL","35233","JEFFERSON","Death rate for chronic obstructive pulmonary disease (COPD) patients","MORT-30-COPD","4.77","No Different than the National Rate","315","4.49","2.95","6.44","","07/01/2014","06/30/2017"
"01014F","BIRMINGHAM VA MEDICAL CENTER","700 SOUTH 19TH STREET","BIRMINGHAM","AL","35233","JEFFERSON","Rate of readmission for chronic obstructive pulmonary disease (COPD) patients","READM-30-COPD","15.62","No Different than the National Rate","352","17.14","14.17","20.71","","07/01/2014","06/30/2017"
"01019F","VA CENTRAL ALABAMA HEALTHCARE SYSTEM - MONTGOMERY","215 PERRY HILL ROAD","MONTGOMERY","AL","36109","MONTGOMERY","Death rate for chronic obstructive pulmonary disease (COPD) patients","MORT-30-COPD","4.77","No Different than the National Rate","82","5.33","3.33","8.4","","07/01/2014","06/30/2017"
"01019F","VA CENTRAL ALABAMA HEALTHCARE SYSTEM - MONTGOMERY","215 PERRY HILL ROAD","MONTGOMERY","AL","36109","MONTGOMERY","Rate of readmission for chronic obstructive pulmonary disease (COPD) patients","READM-30-COPD","15.62","No Different than the National Rate","84","14.94","11.27","19.61","","07/01/2014","06/30/2017"
"01021F","TUSCALOOSA VA MEDICAL CENTER","3701 LOOP ROAD EAST","TUSCALOOSA","AL","35404","TUSCALOOSA","Death rate for chronic obstructive pulmonary disease (COPD) patients","MORT-30-COPD","4.77","Not Available","Not Available","Not Available","Not Available","Not Available","5 - Results are not available for this reporting period.","07/01/2014","06/30/2017"
"01021F","TUSCALOOSA VA MEDICAL CENTER","3701 LOOP ROAD EAST","TUSCALOOSA","AL","35404","TUSCALOOSA","Rate of readmission for chronic obstructive pulmonary disease (COPD) patients","READM-30-COPD","15.62","Not Available","Not Available","Not Available","Not Available","Not Available","5 - Results are not available for this reporting period.","07/01/2014","06/30/2017"
"03012F","PHOENIX VA MEDICAL CENTER","650 E. INDIAN SCHOOL ROAD","PHOENIX","AZ","85012","MARICOPA","Death rate for chronic obstructive pulmonary disease (COPD) patients","MORT-30-COPD","4.77","No Different than the National Rate","276","3.95","2.66","5.85","","07/01/2014","06/30/2017"
"03012F","PHOENIX VA MEDICAL CENTER","650 E. INDIAN SCHOOL ROAD","PHOENIX","AZ","85012","MARICOPA","Rate of readmission for chronic obstructive pulmonary disease (COPD) patients","READM-30-COPD","15.62","No Different than the National Rate","298","14.34","11.42","17.79","","07/01/2014","06/30/2017"
"03013F","VA S. ARIZONA HEALTHCARE SYSTEM","3601 SOUTH SIXTH AVENUE","TUCSON","AZ","85723","PIMA","Death rate for chronic obstructive pulmonary disease (COPD) patients","MORT-30-COPD","4.77","No Different than the National Rate","348","5.6","3.85","7.67","","07/01/2014","06/30/2017"
"03013F","VA S. ARIZONA HEALTHCARE SYSTEM","3601 SOUTH SIXTH AVENUE","TUCSON","AZ","85723","PIMA","Rate of readmission for chronic obstructive pulmonary disease (COPD) patients","READM-30-COPD","15.62","Worse than the National Rate","372","15.5","12.74","18.82","","07/01/2014","06/30/2017"
"03033F","VA NORTHERN ARIZONA HEALTHCARE SYSTEM","500 HIGHWAY 89 NORTH","PRESCOTT","AZ","86313","YAVAPAI","Death rate for chronic obstructive pulmonary disease (COPD) patients","MORT-30-COPD","4.77","No Different than the National Rate","126","3.83","2.34","6.38","","07/01/2014","06/30/2017"
"03033F","VA NORTHERN ARIZONA HEALTHCARE SYSTEM","500 HIGHWAY 89 NORTH","PRESCOTT","AZ","86313","YAVAPAI","Rate of readmission for chronic obstructive pulmonary disease (COPD) patients","READM-30-COPD","15.62","No Different than the National Rate","131","13.91","10.73","18.03","","07/01/2014","06/30/2017"
"04009F","FAYETTEVILLE AR VA MEDICAL CENTER","1100 N. COLLEGE AVENUE","FAYETTEVILLE","AR","72703","WASHINGTON","Death rate for chronic obstructive pulmonary disease (COPD) patients","MORT-30-COPD","4.77","No Different than the National Rate","159","6.21","4.09","9.41","","07/01/2014","06/30/2017"
"04009F","FAYETTEVILLE AR VA MEDICAL CENTER","1100 N. COLLEGE AVENUE","FAYETTEVILLE","AR","72703","WASHINGTON","Rate of readmission for chronic obstructive pulmonary disease (COPD) patients","READM-30-COPD","15.62","No Different than the National Rate","194","15.14","12.06","18.99","","07/01/2014","06/30/2017"
"04010F","VA CENTRAL AR. VETERANS HEALTHCARE SYSTEM LR","4300 WEST SEVENTH STREET","LITTLE ROCK","AR","72205","PULASKI","Death rate for chronic obstructive pulmonary disease (COPD) patients","MORT-30-COPD","4.77","No Different than the National Rate","354","7.62","5.54","10.4","","07/01/2014","06/30/2017"
"04010F","VA CENTRAL AR. VETERANS HEALTHCARE SYSTEM LR","4300 WEST SEVENTH STREET","LITTLE ROCK","AR","72205","PULASKI","Rate of readmission for chronic obstructive pulmonary disease (COPD) patients","READM-30-COPD","15.62","Worse than the National Rate","363","17.25","14.42","20.84","","07/01/2014","06/30/2017"
"05025F","FRESNO VA MEDICAL CENTER (VA CENTRAL CALIFORNIA HEALTHCARE SYSTEM)","2615 E. CLINTON AVENUE","FRESNO","CA","93703","FRESNO","Death rate for chronic obstructive pulmonary disease (COPD) patients","MORT-30-COPD","4.77","No Different than the National Rate","140","6","3.96","9.28","","07/01/2014","06/30/2017"
"05025F","FRESNO VA MEDICAL CENTER (VA CENTRAL CALIFORNIA HEALTHCARE SYSTEM)","2615 E. CLINTON AVENUE","FRESNO","CA","93703","FRESNO","Rate of readmission for chronic obstructive pulmonary disease (COPD) patients","READM-30-COPD","15.62","No Different than the National Rate","144","15.56","12.16","19.77","","07/01/2014","06/30/2017"
"05027F","VA LONG BEACH HEALTHCARE SYSTEM","5901 E. SEVENTH STREET","LONG BEACH","CA","90822","LOS ANGELES","Death rate for chronic obstructive pulmonary disease (COPD) patients","MORT-30-COPD","4.77","Better than the National Rate","295","4.33","2.92","6.33","","07/01/2014","06/30/2017"
"05027F","VA LONG BEACH HEALTHCARE SYSTEM","5901 E. SEVENTH STREET","LONG BEACH","CA","90822","LOS ANGELES","Rate of readmission for chronic obstructive pulmonary disease (COPD) patients","READM-30-COPD","15.62","Worse than the National Rate","336","19.22","15.78","22.57","","07/01/2014","06/30/2017"
"05030F","VA N CALIFORNIA HEALTHCARE SYSTEM","10535 HOSPITAL WAY","MATHER","CA","95655","SACRAMENTO","Death rate for chronic obstructive pulmonary disease (COPD) patients","MORT-30-COPD","4.77","No Different than the National Rate","203","6.14","4.16","9.32","","07/01/2014","06/30/2017"
"05030F","VA N CALIFORNIA HEALTHCARE SYSTEM","10535 HOSPITAL WAY","MATHER","CA","95655","SACRAMENTO","Rate of readmission for chronic obstructive pulmonary disease (COPD) patients","READM-30-COPD","15.62","No Different than the National Rate","219","14.45","11.38","18.2","","07/01/2014","06/30/2017"
"05031F","PALO ALTO VA MEDICAL CENTER","3801 MIRANDA AVENUE","PALO ALTO","CA","94304","SANTA CLARA","Death rate for chronic obstructive pulmonary disease (COPD) patients","MORT-30-COPD","4.77","No Different than the National Rate","163","4.42","2.84","6.62","","07/01/2014","06/30/2017"
"05031F","PALO ALTO VA MEDICAL CENTER","3801 MIRANDA AVENUE","PALO ALTO","CA","94304","SANTA CLARA","Rate of readmission for chronic obstructive pulmonary disease (COPD) patients","READM-30-COPD","15.62","No Different than the National Rate","181","17.23","13.72","21.84","","07/01/2014","06/30/2017"
"05114F","VA SAN DIEGO HEALTHCARE SYSTEM","3350 LA JOLLA VILLAGE DRIVE","SAN DIEGO","CA","92161","SAN DIEGO","Death rate for chronic obstructive pulmonary disease (COPD) patients","MORT-30-COPD","4.77","Better than the National Rate","204","4.25","2.7","6.41","","07/01/2014","06/30/2017"
"05114F","VA SAN DIEGO HEALTHCARE SYSTEM","3350 LA JOLLA VILLAGE DRIVE","SAN DIEGO","CA","92161","SAN DIEGO","Rate of readmission for chronic obstructive pulmonary disease (COPD) patients","READM-30-COPD","15.62","No Different than the National Rate","233","15.92","12.65","19.55","","07/01/2014","06/30/2017"
"05127F","LOMA LINDA VA MEDICAL CENTER","11201 BENTON STREET","LOMA LINDA","CA","92357","SAN BERNARDINO","Death rate for chronic obstructive pulmonary disease (COPD) patients","MORT-30-COPD","4.77","No Different than the National Rate","290","4.86","3.25","7.41","","07/01/2014","06/30/2017"
"05127F","LOMA LINDA VA MEDICAL CENTER","11201 BENTON STREET","LOMA LINDA","CA","92357","SAN BERNARDINO","Rate of readmission for chronic obstructive pulmonary disease (COPD) patients","READM-30-COPD","15.62","No Different than the National Rate","317","14.44","11.76","18.2","","07/01/2014","06/30/2017"
"05128F","VA GREATER LOS ANGELES HEALTHCARE SYSTEM","11301 WILSHIRE BLVD.","LOS ANGELES","CA","90073","LOS ANGELES","Death rate for chronic obstructive pulmonary disease (COPD) patients","MORT-30-COPD","4.77","No Different than the National Rate","242","4.08","2.79","5.94","","07/01/2014","06/30/2017"
"05128F","VA GREATER LOS ANGELES HEALTHCARE SYSTEM","11301 WILSHIRE BLVD.","LOS ANGELES","CA","90073","LOS ANGELES","Rate of readmission for chronic obstructive pulmonary disease (COPD) patients","READM-30-COPD","15.62","Worse than the National Rate","273","18.14","14.62","21.9","","07/01/2014","06/30/2017"
"05130F","SAN FRANCISCO VA MEDICAL CENTER","4150 CLEMENT STREET","SAN FRANCISCO","CA","94121","SAN FRANCISCO","Death rate for chronic obstructive pulmonary disease (COPD) patients","MORT-30-COPD","4.77","No Different than the National Rate","191","3.88","2.42","6.19","","07/01/2014","06/30/2017"
"05130F","SAN FRANCISCO VA MEDICAL CENTER","4150 CLEMENT STREET","SAN FRANCISCO","CA","94121","SAN FRANCISCO","Rate of readmission for chronic obstructive pulmonary disease (COPD) patients","READM-30-COPD","15.62","No Different than the National Rate","220","19.01","15.4","23.6","","07/01/2014","06/30/2017"
"06005F","VA EASTERN COLORADO HEALTHCARE SYSTEM","1055 CLERMONT STREET","DENVER","CO","80220","DENVER","Death rate for chronic obstructive pulmonary disease (COPD) patients","MORT-30-COPD","4.77","No Different than the National Rate","126","4.46","2.69","7.11","","07/01/2014","06/30/2017"
"06005F","VA EASTERN COLORADO HEALTHCARE SYSTEM","1055 CLERMONT STREET","DENVER","CO","80220","DENVER","Rate of readmission for chronic obstructive pulmonary disease (COPD) patients","READM-30-COPD","15.62","No Different than the National Rate","149","13.34","10.11","17.27","","07/01/2014","06/30/2017"
"06007F","GRAND JUNCTION VA MEDICAL CENTER","2121 N. AVENUE","GRAND JUNCTION","CO","81501","MESA","Death rate for chronic obstructive pulmonary disease (COPD) patients","MORT-30-COPD","4.77","No Different than the National Rate","76","5.11","3.28","8.44","","07/01/2014","06/30/2017"
"06007F","GRAND JUNCTION VA MEDICAL CENTER","2121 N. AVENUE","GRAND JUNCTION","CO","81501","MESA","Rate of readmission for chronic obstructive pulmonary disease (COPD) patients","READM-30-COPD","15.62","No Different than the National Rate","88","14.11","10.6","18.28","","07/01/2014","06/30/2017"
"07003F","WEST HAVEN VA MEDICAL CENTER","950 CAMPBELL AVENUE","WEST HAVEN","CT","06516","NEW HAVEN","Death rate for chronic obstructive pulmonary disease (COPD) patients","MORT-30-COPD","4.77","No Different than the National Rate","209","5.36","3.56","7.77","","07/01/2014","06/30/2017"
"07003F","WEST HAVEN VA MEDICAL CENTER","950 CAMPBELL AVENUE","WEST HAVEN","CT","06516","NEW HAVEN","Rate of readmission for chronic obstructive pulmonary disease (COPD) patients","READM-30-COPD","15.62","No Different than the National Rate","237","17","13.78","21.13","","07/01/2014","06/30/2017"
"08002F","WILMINGTON VA MEDICAL CENTER","1601 KIRKWOOD HIGHWAY","WILMINGTON","DE","19805","NEW CASTLE","Death rate for chronic obstructive pulmonary disease (COPD) patients","MORT-30-COPD","4.77","No Different than the National Rate","119","4.78","3.08","7.83","","07/01/2014","06/30/2017"
"08002F","WILMINGTON VA MEDICAL CENTER","1601 KIRKWOOD HIGHWAY","WILMINGTON","DE","19805","NEW CASTLE","Rate of readmission for chronic obstructive pulmonary disease (COPD) patients","READM-30-COPD","15.62","No Different than the National Rate","132","15.12","11.56","19.95","","07/01/2014","06/30/2017"
"09002F","WASHINGTON DC VA MEDICAL CENTER","50 IRVING STREET N.W.","WASHINGTON","DC","20422","THE DISTRICT","Death rate for chronic obstructive pulmonary disease (COPD) patients","MORT-30-COPD","4.77","Better than the National Rate","217","3.49","2.22","5.4","","07/01/2014","06/30/2017"
"09002F","WASHINGTON DC VA MEDICAL CENTER","50 IRVING STREET N.W.","WASHINGTON","DC","20422","THE DISTRICT","Rate of readmission for chronic obstructive pulmonary disease (COPD) patients","READM-30-COPD","15.62","Worse than the National Rate","254","16.58","13.26","20.63","","07/01/2014","06/30/2017"
"10009F","BAY PINES VA MEDICAL CENTER","10000 BAY PINES BLVD.","BAY PINES","FL","33744","PINELLAS","Death rate for chronic obstructive pulmonary disease (COPD) patients","MORT-30-COPD","4.77","No Different than the National Rate","500","4.21","2.96","6.04","","07/01/2014","06/30/2017"
"10009F","BAY PINES VA MEDICAL CENTER","10000 BAY PINES BLVD.","BAY PINES","FL","33744","PINELLAS","Rate of readmission for chronic obstructive pulmonary disease (COPD) patients","READM-30-COPD","15.62","Worse than the National Rate","560","20.83","17.46","24.03","","07/01/2014","06/30/2017"
"10015F","VA NORTH FLORIDA/SOUTH GEORGIA HEALTHCARE SYSTEM - LAKE CITY","619 SOUTH MARION AVENUE","LAKE CITY","FL","32025","COLUMBIA","Death rate for chronic obstructive pulmonary disease (COPD) patients","MORT-30-COPD","4.77","Better than the National Rate","214","3.75","2.41","5.82","","07/01/2014","06/30/2017"
"10015F","VA NORTH FLORIDA/SOUTH GEORGIA HEALTHCARE SYSTEM - LAKE CITY","619 SOUTH MARION AVENUE","LAKE CITY","FL","32025","COLUMBIA","Rate of readmission for chronic obstructive pulmonary disease (COPD) patients","READM-30-COPD","15.62","Worse than the National Rate","243","18.73","15.16","22.79","","07/01/2014","06/30/2017"
"10057F","VA NORTH FLORIDA/SOUTH GEORGIA HEALTHCARE SYSTEM - GAINES","1601 S W ARCHER ROAD","GAINESVILLE","FL","32608","ALACHUA","Death rate for chronic obstructive pulmonary disease (COPD) patients","MORT-30-COPD","4.77","Better than the National Rate","498","3.47","2.31","5.15","","07/01/2014","06/30/2017"
"10057F","VA NORTH FLORIDA/SOUTH GEORGIA HEALTHCARE SYSTEM - GAINES","1601 S W ARCHER ROAD","GAINESVILLE","FL","32608","ALACHUA","Rate of readmission for chronic obstructive pulmonary disease (COPD) patients","READM-30-COPD","15.62","Worse than the National Rate","598","18.2","15.34","21.43","","07/01/2014","06/30/2017"
"10063F","TAMPA VA MEDICAL CENTER","13000 BRUCE B DOWNS BLVD.","TAMPA","FL","33612","HILLSBOROUGH","Death rate for chronic obstructive pulmonary disease (COPD) patients","MORT-30-COPD","4.77","Better than the National Rate","584","4.65","3.4","6.45","","07/01/2014","06/30/2017"
"10063F","TAMPA VA MEDICAL CENTER","13000 BRUCE B DOWNS BLVD.","TAMPA","FL","33612","HILLSBOROUGH","Rate of readmission for chronic obstructive pulmonary disease (COPD) patients","READM-30-COPD","15.62","Worse than the National Rate","694","17.08","14.77","19.87","","07/01/2014","06/30/2017"
"10064F","MIAMI VA MEDICAL CENTER","1201 N W 16TH STREET","MIAMI","FL","33125","MIAMI-DADE","Death rate for chronic obstructive pulmonary disease (COPD) patients","MORT-30-COPD","4.77","No Different than the National Rate","152","5.53","3.61","8.32","","07/01/2014","06/30/2017"
"10064F","MIAMI VA MEDICAL CENTER","1201 N W 16TH STREET","MIAMI","FL","33125","MIAMI-DADE","Rate of readmission for chronic obstructive pulmonary disease (COPD) patients","READM-30-COPD","15.62","No Different than the National Rate","182","15.5","12.04","18.97","","07/01/2014","06/30/2017"
"10065F","W PALM BEACH VA MEDICAL CENTER","7305 N. MILITARY TRAIL","WEST PALM BEACH","FL","33410","PALM BEACH","Death rate for chronic obstructive pulmonary disease (COPD) patients","MORT-30-COPD","4.77","No Different than the National Rate","365","3.89","2.62","5.59","","07/01/2014","06/30/2017"
"10065F","W PALM BEACH VA MEDICAL CENTER","7305 N. MILITARY TRAIL","WEST PALM BEACH","FL","33410","PALM BEACH","Rate of readmission for chronic obstructive pulmonary disease (COPD) patients","READM-30-COPD","15.62","Worse than the National Rate","415","18.3","15.01","21.4","","07/01/2014","06/30/2017"
"10099F","ORLANDO VA MEDICAL CENTER","13800 VETERANS WAY","ORLANDO","FL","32827","ORANGE","Death rate for chronic obstructive pulmonary disease (COPD) patients","MORT-30-COPD","4.77","No Different than the National Rate","87","4.18","2.49","6.87","","07/01/2014","06/30/2017"
"10099F","ORLANDO VA MEDICAL CENTER","13800 VETERANS WAY","ORLANDO","FL","32827","ORANGE","Rate of readmission for chronic obstructive pulmonary disease (COPD) patients","READM-30-COPD","15.62","No Different than the National Rate","91","16.37","12.27","21.11","","07/01/2014","06/30/2017"
"11029F","DECATUR (ATLANTA) VA MEDICAL CENTER","1670 CLAIRMONT ROAD","DECATUR","GA","30033","DE KALB","Death rate for chronic obstructive pulmonary disease (COPD) patients","MORT-30-COPD","4.77","No Different than the National Rate","279","4.27","2.91","6.48","","07/01/2014","06/30/2017"
"11029F","DECATUR (ATLANTA) VA MEDICAL CENTER","1670 CLAIRMONT ROAD","DECATUR","GA","30033","DE KALB","Rate of readmission for chronic obstructive pulmonary disease (COPD) patients","READM-30-COPD","15.62","No Different than the National Rate","336","13.98","11.2","17.34","","07/01/2014","06/30/2017"
"11030F","AUGUSTA VA MEDICAL CENTER","1 FREEDOM WAY","AUGUSTA","GA","30904","RICHMOND","Death rate for chronic obstructive pulmonary disease (COPD) patients","MORT-30-COPD","4.77","No Different than the National Rate","169","5.55","3.71","8.01","","07/01/2014","06/30/2017"
"11030F","AUGUSTA VA MEDICAL CENTER","1 FREEDOM WAY","AUGUSTA","GA","30904","RICHMOND","Rate of readmission for chronic obstructive pulmonary disease (COPD) patients","READM-30-COPD","15.62","Worse than the National Rate","187","14.26","11.02","18.15","","07/01/2014","06/30/2017"
"11031F","DUBLIN VA MEDICAL CENTER","1826 VETERANS BOULEVARD","DUBLIN","GA","31021","LAURENS","Death rate for chronic obstructive pulmonary disease (COPD) patients","MORT-30-COPD","4.77","No Different than the National Rate","101","5.58","3.42","8.8","","07/01/2014","06/30/2017"
"11031F","DUBLIN VA MEDICAL CENTER","1826 VETERANS BOULEVARD","DUBLIN","GA","31021","LAURENS","Rate of readmission for chronic obstructive pulmonary disease (COPD) patients","READM-30-COPD","15.62","No Different than the National Rate","103","13.34","9.98","17.33","","07/01/2014","06/30/2017"
"13003F","BOISE VA MEDICAL CENTER","500 W. FORT STREET","BOISE","ID","83702","ADA","Death rate for chronic obstructive pulmonary disease (COPD) patients","MORT-30-COPD","4.77","No Different than the National Rate","117","5.1","3.23","7.94","","07/01/2014","06/30/2017"
"13003F","BOISE VA MEDICAL CENTER","500 W. FORT STREET","BOISE","ID","83702","ADA","Rate of readmission for chronic obstructive pulmonary disease (COPD) patients","READM-30-COPD","15.62","No Different than the National Rate","135","16.01","12.62","20.64","","07/01/2014","06/30/2017"
"14003F","JESSE BROWN VA MEDICAL CENTER - VA CHICAGO HEALTHCARE SYSTEM","820 S DAMEN STREET","CHICAGO","IL","60612","COOK","Death rate for chronic obstructive pulmonary disease (COPD) patients","MORT-30-COPD","4.77","No Different than the National Rate","294","3.06","1.87","4.94","","07/01/2014","06/30/2017"
"14003F","JESSE BROWN VA MEDICAL CENTER - VA CHICAGO HEALTHCARE SYSTEM","820 S DAMEN STREET","CHICAGO","IL","60612","COOK","Rate of readmission for chronic obstructive pulmonary disease (COPD) patients","READM-30-COPD","15.62","Worse than the National Rate","362","17.3","14.28","20.97","","07/01/2014","06/30/2017"
"14004F","VA ILLIANA HEALTHCARE SYSTEM - DANVILLE","1900 E. MAIN","DANVILLE","IL","61832","VERMILION","Death rate for chronic obstructive pulmonary disease (COPD) patients","MORT-30-COPD","4.77","No Different than the National Rate","77","5.47","3.3","8.93","","07/01/2014","06/30/2017"
"14004F","VA ILLIANA HEALTHCARE SYSTEM - DANVILLE","1900 E. MAIN","DANVILLE","IL","61832","VERMILION","Rate of readmission for chronic obstructive pulmonary disease (COPD) patients","READM-30-COPD","15.62","No Different than the National Rate","82","13.76","9.84","18.85","","07/01/2014","06/30/2017"
"14007F","HINES VA MEDICAL CENTER","5000 SOUTH 5TH AVENUE","HINES","IL","60141","COOK","Death rate for chronic obstructive pulmonary disease (COPD) patients","MORT-30-COPD","4.77","No Different than the National Rate","314","4.24","2.92","6.24","","07/01/2014","06/30/2017"
"14007F","HINES VA MEDICAL CENTER","5000 SOUTH 5TH AVENUE","HINES","IL","60141","COOK","Rate of readmission for chronic obstructive pulmonary disease (COPD) patients","READM-30-COPD","15.62","Worse than the National Rate","381","19.55","16.18","23.37","","07/01/2014","06/30/2017"
"14008F","MARION IL VA MEDICAL CENTER","2401 WEST MAIN","MARION","IL","62959","WILLIAMSON","Death rate for chronic obstructive pulmonary disease (COPD) patients","MORT-30-COPD","4.77","No Different than the National Rate","299","3.78","2.64","5.61","","07/01/2014","06/30/2017"
"14008F","MARION IL VA MEDICAL CENTER","2401 WEST MAIN","MARION","IL","62959","WILLIAMSON","Rate of readmission for chronic obstructive pulmonary disease (COPD) patients","READM-30-COPD","15.62","No Different than the National Rate","320","12.89","10.49","16.42","","07/01/2014","06/30/2017"
"14034F","NORTH CHICAGO VA MEDICAL CENTER","3001 GREENBAY ROAD","NORTH CHICAGO","IL","60064","LAKE","Death rate for chronic obstructive pulmonary disease (COPD) patients","MORT-30-COPD","4.77","No Different than the National Rate","145","3.73","2.3","5.98","","07/01/2014","06/30/2017"
"14034F","NORTH CHICAGO VA MEDICAL CENTER","3001 GREENBAY ROAD","NORTH CHICAGO","IL","60064","LAKE","Rate of readmission for chronic obstructive pulmonary disease (COPD) patients","READM-30-COPD","15.62","No Different than the National Rate","173","17.78","13.64","22.35","","07/01/2014","06/30/2017"
"15002F","VA N. INDIANA HEALTHCARE SYSTEM - FT. WAYNE","2121 LAKE AVENUE","FORT WAYNE","IN","46805","ALLEN","Death rate for chronic obstructive pulmonary disease (COPD) patients","MORT-30-COPD","4.77","No Different than the National Rate","158","4.67","3","7.19","","07/01/2014","06/30/2017"
"15002F","VA N. INDIANA HEALTHCARE SYSTEM - FT. WAYNE","2121 LAKE AVENUE","FORT WAYNE","IN","46805","ALLEN","Rate of readmission for chronic obstructive pulmonary disease (COPD) patients","READM-30-COPD","15.62","No Different than the National Rate","162","13.06","10.1","16.92","","07/01/2014","06/30/2017"
"15003F","INDIANAPOLIS VA MEDICAL CENTER","1481 W. TENTH STREET","INDIANAPOLIS","IN","46202","MARION","Death rate for chronic obstructive pulmonary disease (COPD) patients","MORT-30-COPD","4.77","No Different than the National Rate","375","4.78","3.39","6.64","","07/01/2014","06/30/2017"
"15003F","INDIANAPOLIS VA MEDICAL CENTER","1481 W. TENTH STREET","INDIANAPOLIS","IN","46202","MARION","Rate of readmission for chronic obstructive pulmonary disease (COPD) patients","READM-30-COPD","15.62","Worse than the National Rate","457","14.7","12.15","17.44","","07/01/2014","06/30/2017"
"15004F","VA N. INDIANA HEALTHCARE SYSTEM - MARION","1700 E. 38TH STREET","MARION","IN","46953","GRANT","Death rate for chronic obstructive pulmonary disease (COPD) patients","MORT-30-COPD","4.77","Not Available","Not Available","Not Available","Not Available","Not Available","5 - Results are not available for this reporting period.","07/01/2014","06/30/2017"
"15004F","VA N. INDIANA HEALTHCARE SYSTEM - MARION","1700 E. 38TH STREET","MARION","IN","46953","GRANT","Rate of readmission for chronic obstructive pulmonary disease (COPD) patients","READM-30-COPD","15.62","Number of Cases Too Small","Not Available","Not Available","Not Available","Not Available","5 - Results are not available for this reporting period.","07/01/2014","06/30/2017"
"16003F","VA CENTRAL IOWA HEALTHCARE SYSTEM","3600 30TH STREET","DES MOINES","IA","50310","POLK","Death rate for chronic obstructive pulmonary disease (COPD) patients","MORT-30-COPD","4.77","No Different than the National Rate","141","6.31","4.09","9.46","","07/01/2014","06/30/2017"
"16003F","VA CENTRAL IOWA HEALTHCARE SYSTEM","3600 30TH STREET","DES MOINES","IA","50310","POLK","Rate of readmission for chronic obstructive pulmonary disease (COPD) patients","READM-30-COPD","15.62","No Different than the National Rate","150","14.76","11.26","19.01","","07/01/2014","06/30/2017"
"16004F","IOWA CITY VA MEDICAL CENTER","601 HIGHWAY 6 WEST","IOWA CITY","IA","52246","JOHNSON","Death rate for chronic obstructive pulmonary disease (COPD) patients","MORT-30-COPD","4.77","No Different than the National Rate","163","3.93","2.48","6.15","","07/01/2014","06/30/2017"
"16004F","IOWA CITY VA MEDICAL CENTER","601 HIGHWAY 6 WEST","IOWA CITY","IA","52246","JOHNSON","Rate of readmission for chronic obstructive pulmonary disease (COPD) patients","READM-30-COPD","15.62","No Different than the National Rate","195","12.33","9.33","16.23","","07/01/2014","06/30/2017"
"17005F","COLMERY-O'NEIL VA MEDICAL CENTER","2200 SW GAGE BOULEVARD","TOPEKA","KS","66622","SHAWNEE","Death rate for chronic obstructive pulmonary disease (COPD) patients","MORT-30-COPD","4.77","No Different than the National Rate","90","7.11","4.47","11.42","","07/01/2014","06/30/2017"
"17005F","COLMERY-O'NEIL VA MEDICAL CENTER","2200 SW GAGE BOULEVARD","TOPEKA","KS","66622","SHAWNEE","Rate of readmission for chronic obstructive pulmonary disease (COPD) patients","READM-30-COPD","15.62","No Different than the National Rate","95","13.08","9.74","17.66","","07/01/2014","06/30/2017"
"17006F","VA EASTERN KANSAS HEALTHCARE SYSTEM - LEAVENWORTH","4101 S. 4TH STREET","LEAVENWORTH","KS","66048","LEAVENWORTH","Death rate for chronic obstructive pulmonary disease (COPD) patients","MORT-30-COPD","4.77","No Different than the National Rate","60","4.31","2.6","6.86","","07/01/2014","06/30/2017"
"17006F","VA EASTERN KANSAS HEALTHCARE SYSTEM - LEAVENWORTH","4101 S. 4TH STREET","LEAVENWORTH","KS","66048","LEAVENWORTH","Rate of readmission for chronic obstructive pulmonary disease (COPD) patients","READM-30-COPD","15.62","No Different than the National Rate","66","14.55","10.52","19.49","","07/01/2014","06/30/2017"
"17008F","WICHITA VA MEDICAL CENTER","5500 E. KELLOG","WICHITA","KS","67218","SEDGWICK","Death rate for chronic obstructive pulmonary disease (COPD) patients","MORT-30-COPD","4.77","No Different than the National Rate","70","5.36","3.33","8.77","","07/01/2014","06/30/2017"
"17008F","WICHITA VA MEDICAL CENTER","5500 E. KELLOG","WICHITA","KS","67218","SEDGWICK","Rate of readmission for chronic obstructive pulmonary disease (COPD) patients","READM-30-COPD","15.62","No Different than the National Rate","73","16.81","12.75","22.03","","07/01/2014","06/30/2017"
"18006F","LOUISVILLE VA MEDICAL CENTER","800 ZORN AVENUE","LOUISVILLE","KY","40206","JEFFERSON","Death rate for chronic obstructive pulmonary disease (COPD) patients","MORT-30-COPD","4.77","No Different than the National Rate","219","6.25","4.17","9.27","","07/01/2014","06/30/2017"
"18006F","LOUISVILLE VA MEDICAL CENTER","800 ZORN AVENUE","LOUISVILLE","KY","40206","JEFFERSON","Rate of readmission for chronic obstructive pulmonary disease (COPD) patients","READM-30-COPD","15.62","Worse than the National Rate","226","14.61","11.53","18.06","","07/01/2014","06/30/2017"
"18007F","LEXINGTON VA MEDICAL CENTER","1101 VETERANS DRIVE","LEXINGTON","KY","40502","FAYETTE","Death rate for chronic obstructive pulmonary disease (COPD) patients","MORT-30-COPD","4.77","No Different than the National Rate","237","4.36","2.99","6.55","","07/01/2014","06/30/2017"
"18007F","LEXINGTON VA MEDICAL CENTER","1101 VETERANS DRIVE","LEXINGTON","KY","40502","FAYETTE","Rate of readmission for chronic obstructive pulmonary disease (COPD) patients","READM-30-COPD","15.62","No Different than the National Rate","262","15.66","12.85","19.1","","07/01/2014","06/30/2017"
"19043F","ALEXANDRIA VA MEDICAL CENTER","2495 SHREVEPORT HIGHWAY 71 N","PINEVILLE","LA","71360","RAPIDES","Death rate for chronic obstructive pulmonary disease (COPD) patients","MORT-30-COPD","4.77","No Different than the National Rate","59","5.21","3.2","8.82","","07/01/2014","06/30/2017"
"19043F","ALEXANDRIA VA MEDICAL CENTER","2495 SHREVEPORT HIGHWAY 71 N","PINEVILLE","LA","71360","RAPIDES","Rate of readmission for chronic obstructive pulmonary disease (COPD) patients","READM-30-COPD","15.62","No Different than the National Rate","56","13.16","9.59","17.47","","07/01/2014","06/30/2017"
"19048F","OVERTON BROOKS VA MEDICAL CENTER (SHREVEPORT)","510 EAST STONER AVENUE","SHREVEPORT","LA","71101","CADDO","Death rate for chronic obstructive pulmonary disease (COPD) patients","MORT-30-COPD","4.77","No Different than the National Rate","186","6.18","4.18","9.04","","07/01/2014","06/30/2017"
"19048F","OVERTON BROOKS VA MEDICAL CENTER (SHREVEPORT)","510 EAST STONER AVENUE","SHREVEPORT","LA","71101","CADDO","Rate of readmission for chronic obstructive pulmonary disease (COPD) patients","READM-30-COPD","15.62","No Different than the National Rate","202","15.08","11.89","18.81","","07/01/2014","06/30/2017"
"20003F","TOGUS VA MEDICAL CENTER","1 VA CENTER","AUGUSTA","ME","04330","KENNEBEC","Death rate for chronic obstructive pulmonary disease (COPD) patients","MORT-30-COPD","4.77","No Different than the National Rate","122","6.36","3.9","9.9","","07/01/2014","06/30/2017"
"20003F","TOGUS VA MEDICAL CENTER","1 VA CENTER","AUGUSTA","ME","04330","KENNEBEC","Rate of readmission for chronic obstructive pulmonary disease (COPD) patients","READM-30-COPD","15.62","No Different than the National Rate","123","13.98","10.76","18.26","","07/01/2014","06/30/2017"
"21010F","VA MARYLAND HEALTHCARE SYSTEM - PERRY POINT","VA MEDICAL CENTER","PERRY POINT","MD","21902","CECIL","Death rate for chronic obstructive pulmonary disease (COPD) patients","MORT-30-COPD","4.77","Number of Cases Too Small","Not Available","Not Available","Not Available","Not Available","1 - The number of cases/patients is too few to report.","07/01/2014","06/30/2017"
"21010F","VA MARYLAND HEALTHCARE SYSTEM - PERRY POINT","VA MEDICAL CENTER","PERRY POINT","MD","21902","CECIL","Rate of readmission for chronic obstructive pulmonary disease (COPD) patients","READM-30-COPD","15.62","Number of Cases Too Small","Not Available","Not Available","Not Available","Not Available","1 - The number of cases/patients is too few to report.","07/01/2014","06/30/2017"
"21020F","VA MARYLAND HEALTHCARE SYSTEM - BALTIMORE","10 NORTH GREENE STREET","BALTIMORE","MD","21201","BALTIMORE CITY","Death rate for chronic obstructive pulmonary disease (COPD) patients","MORT-30-COPD","4.77","No Different than the National Rate","209","4.46","2.87","6.64","","07/01/2014","06/30/2017"
"21020F","VA MARYLAND HEALTHCARE SYSTEM - BALTIMORE","10 NORTH GREENE STREET","BALTIMORE","MD","21201","BALTIMORE CITY","Rate of readmission for chronic obstructive pulmonary disease (COPD) patients","READM-30-COPD","15.62","Worse than the National Rate","235","13.78","10.96","17.65","","07/01/2014","06/30/2017"
"22001F","BEDFORD VA MEDICAL CENTER","200 SPRINGS ROAD","BEDFORD","MA","01730","MIDDLESEX","Death rate for chronic obstructive pulmonary disease (COPD) patients","MORT-30-COPD","4.77","Not Available","Not Available","Not Available","Not Available","Not Available","5 - Results are not available for this reporting period.","07/01/2014","06/30/2017"
"22001F","BEDFORD VA MEDICAL CENTER","200 SPRINGS ROAD","BEDFORD","MA","01730","MIDDLESEX","Rate of readmission for chronic obstructive pulmonary disease (COPD) patients","READM-30-COPD","15.62","Not Available","Not Available","Not Available","Not Available","Not Available","5 - Results are not available for this reporting period.","07/01/2014","06/30/2017"
"22009F","NORTHAMPTON VA MEDICAL CENTER","421 N MAIN ST","LEEDS","MA","01053","HAMPSHIRE","Death rate for chronic obstructive pulmonary disease (COPD) patients","MORT-30-COPD","4.77","Not Available","Not Available","Not Available","Not Available","Not Available","5 - Results are not available for this reporting period.","07/01/2014","06/30/2017"
"22009F","NORTHAMPTON VA MEDICAL CENTER","421 N MAIN ST","LEEDS","MA","01053","HAMPSHIRE","Rate of readmission for chronic obstructive pulmonary disease (COPD) patients","READM-30-COPD","15.62","Not Available","Not Available","Not Available","Not Available","Not Available","5 - Results are not available for this reporting period.","07/01/2014","06/30/2017"
"22010F","VA BOSTON HEALTHCARE SYSTEM - JAMAICA PLAIN","150 S. HUNTINGTON AVENUE","JAMAICA PLAIN","MA","02130","SUFFOLK","Death rate for chronic obstructive pulmonary disease (COPD) patients","MORT-30-COPD","4.77","Better than the National Rate","231","4.38","2.86","6.4","","07/01/2014","06/30/2017"
"22010F","VA BOSTON HEALTHCARE SYSTEM - JAMAICA PLAIN","150 S. HUNTINGTON AVENUE","JAMAICA PLAIN","MA","02130","SUFFOLK","Rate of readmission for chronic obstructive pulmonary disease (COPD) patients","READM-30-COPD","15.62","No Different than the National Rate","250","15.94","12.76","19.61","","07/01/2014","06/30/2017"
"23005F","IRON MOUNTAIN MI VA MEDICAL CENTER","325 EAST H STREET","IRON MOUNTAIN","MI","49801","DICKINSON","Death rate for chronic obstructive pulmonary disease (COPD) patients","MORT-30-COPD","4.77","No Different than the National Rate","100","5.45","3.41","8.44","","07/01/2014","06/30/2017"
"23005F","IRON MOUNTAIN MI VA MEDICAL CENTER","325 EAST H STREET","IRON MOUNTAIN","MI","49801","DICKINSON","Rate of readmission for chronic obstructive pulmonary disease (COPD) patients","READM-30-COPD","15.62","No Different than the National Rate","112","15.58","11.9","19.96","","07/01/2014","06/30/2017"
"23009F","SAGINAW VA MEDICAL CENTER","1500 WEISS STREET","SAGINAW","MI","48602","SAGINAW","Death rate for chronic obstructive pulmonary disease (COPD) patients","MORT-30-COPD","4.77","No Different than the National Rate","54","4.98","2.99","8.1","","07/01/2014","06/30/2017"
"23009F","SAGINAW VA MEDICAL CENTER","1500 WEISS STREET","SAGINAW","MI","48602","SAGINAW","Rate of readmission for chronic obstructive pulmonary disease (COPD) patients","READM-30-COPD","15.62","No Different than the National Rate","53","14.83","11","19.71","","07/01/2014","06/30/2017"
"23011F","VA ANN ARBOR HEALTHCARE SYSTEM","2215 FULLER ROAD","ANN ARBOR","MI","48105","WASHTENAW","Death rate for chronic obstructive pulmonary disease (COPD) patients","MORT-30-COPD","4.77","No Different than the National Rate","177","3.67","2.18","5.84","","07/01/2014","06/30/2017"
"23011F","VA ANN ARBOR HEALTHCARE SYSTEM","2215 FULLER ROAD","ANN ARBOR","MI","48105","WASHTENAW","Rate of readmission for chronic obstructive pulmonary disease (COPD) patients","READM-30-COPD","15.62","No Different than the National Rate","194","14.37","11.48","18.21","","07/01/2014","06/30/2017"
"23012F","BATTLE CREEK VA MEDICAL CENTER","5500 ARMSTRONG RD.","BATTLE CREEK","MI","49037","CALHOUN","Death rate for chronic obstructive pulmonary disease (COPD) patients","MORT-30-COPD","4.77","No Different than the National Rate","57","5.44","3.34","8.84","","07/01/2014","06/30/2017"
"23012F","BATTLE CREEK VA MEDICAL CENTER","5500 ARMSTRONG RD.","BATTLE CREEK","MI","49037","CALHOUN","Rate of readmission for chronic obstructive pulmonary disease (COPD) patients","READM-30-COPD","15.62","No Different than the National Rate","55","14.53","10.7","19.51","","07/01/2014","06/30/2017"
"23037F","DETROIT (JOHN D. DINGELL) VA MEDICAL CENTER","4646 JOHN R.","DETROIT","MI","48201","WAYNE","Death rate for chronic obstructive pulmonary disease (COPD) patients","MORT-30-COPD","4.77","No Different than the National Rate","225","4.67","3.07","6.84","","07/01/2014","06/30/2017"
"23037F","DETROIT (JOHN D. DINGELL) VA MEDICAL CENTER","4646 JOHN R.","DETROIT","MI","48201","WAYNE","Rate of readmission for chronic obstructive pulmonary disease (COPD) patients","READM-30-COPD","15.62","No Different than the National Rate","272","15.7","12.73","19.57","","07/01/2014","06/30/2017"
"24002F","ST CLOUD VA MEDICAL CENTER","4801 VETERANS DRIVE","ST. CLOUD","MN","56303","STEARNS","Death rate for chronic obstructive pulmonary disease (COPD) patients","MORT-30-COPD","4.77","Not Available","Not Available","Not Available","Not Available","Not Available","5 - Results are not available for this reporting period.","07/01/2014","06/30/2017"
"24002F","ST CLOUD VA MEDICAL CENTER","4801 VETERANS DRIVE","ST. CLOUD","MN","56303","STEARNS","Rate of readmission for chronic obstructive pulmonary disease (COPD) patients","READM-30-COPD","15.62","Not Available","Not Available","Not Available","Not Available","Not Available","5 - Results are not available for this reporting period.","07/01/2014","06/30/2017"
"24003F","MINNEAPOLIS VA MEDICAL CENTER","ONE VETERANS DRIVE","MINNEAPOLIS","MN","55417","HENNEPIN","Death rate for chronic obstructive pulmonary disease (COPD) patients","MORT-30-COPD","4.77","Better than the National Rate","274","7.22","4.87","10.54","","07/01/2014","06/30/2017"
"24003F","MINNEAPOLIS VA MEDICAL CENTER","ONE VETERANS DRIVE","MINNEAPOLIS","MN","55417","HENNEPIN","Rate of readmission for chronic obstructive pulmonary disease (COPD) patients","READM-30-COPD","15.62","No Different than the National Rate","320","17.53","14.05","21.38","","07/01/2014","06/30/2017"
"25042F","VA GULF COAST HEALTHCARE SYSTEM","400 VETERANS AVENUE","BILOXI","MS","39531","HARRISON","Death rate for chronic obstructive pulmonary disease (COPD) patients","MORT-30-COPD","4.77","No Different than the National Rate","112","5.37","3.46","8.28","","07/01/2014","06/30/2017"
"25042F","VA GULF COAST HEALTHCARE SYSTEM","400 VETERANS AVENUE","BILOXI","MS","39531","HARRISON","Rate of readmission for chronic obstructive pulmonary disease (COPD) patients","READM-30-COPD","15.62","No Different than the National Rate","108","15.98","12.05","21.21","","07/01/2014","06/30/2017"
"25043F","G. V. (SONNY) MONTGOMERY VA MEDICAL CENTER (JACKSON)","1500 E. WOODROW WILSON DRIVE","JACKSON","MS","39216","HINDS","Death rate for chronic obstructive pulmonary disease (COPD) patients","MORT-30-COPD","4.77","No Different than the National Rate","176","4.71","3.13","6.81","","07/01/2014","06/30/2017"
"25043F","G. V. (SONNY) MONTGOMERY VA MEDICAL CENTER (JACKSON)","1500 E. WOODROW WILSON DRIVE","JACKSON","MS","39216","HINDS","Rate of readmission for chronic obstructive pulmonary disease (COPD) patients","READM-30-COPD","15.62","No Different than the National Rate","201","15.66","12.59","19.45","","07/01/2014","06/30/2017"
"26004F","KANSAS CITY VA MEDICAL CENTER","4801 LINWOOD BLVD.","KANSAS CITY","MO","64128","JACKSON","Death rate for chronic obstructive pulmonary disease (COPD) patients","MORT-30-COPD","4.77","No Different than the National Rate","281","5.25","3.66","7.84","","07/01/2014","06/30/2017"
"26004F","KANSAS CITY VA MEDICAL CENTER","4801 LINWOOD BLVD.","KANSAS CITY","MO","64128","JACKSON","Rate of readmission for chronic obstructive pulmonary disease (COPD) patients","READM-30-COPD","15.62","Worse than the National Rate","299","16.16","13.15","19.77","","07/01/2014","06/30/2017"
"26007F","POPLAR BLUFF VA MEDICAL CENTER","1500 N. WESTWOOD BLVD.","POPLAR BLUFF","MO","63901","BUTLER","Death rate for chronic obstructive pulmonary disease (COPD) patients","MORT-30-COPD","4.77","No Different than the National Rate","61","4.97","3","8.39","","07/01/2014","06/30/2017"
"26007F","POPLAR BLUFF VA MEDICAL CENTER","1500 N. WESTWOOD BLVD.","POPLAR BLUFF","MO","63901","BUTLER","Rate of readmission for chronic obstructive pulmonary disease (COPD) patients","READM-30-COPD","15.62","No Different than the National Rate","68","16","12.14","21.2","","07/01/2014","06/30/2017"
"26009F","ST LOUIS-JOHN COCHRAN VA MEDICAL CENTER","915 NORTH GRAND","ST. LOUIS","MO","63106","ST. LOUIS CITY","Death rate for chronic obstructive pulmonary disease (COPD) patients","MORT-30-COPD","4.77","No Different than the National Rate","286","4.22","2.8","6.6","","07/01/2014","06/30/2017"
"26009F","ST LOUIS-JOHN COCHRAN VA MEDICAL CENTER","915 NORTH GRAND","ST. LOUIS","MO","63106","ST. LOUIS CITY","Rate of readmission for chronic obstructive pulmonary disease (COPD) patients","READM-30-COPD","15.62","No Different than the National Rate","322","16.95","13.84","21.06","","07/01/2014","06/30/2017"
"26023F","COLUMBIA MO VA MEDICAL CENTER","800 HOSPITAL DR","COLUMBIA","MO","65201","BOONE","Death rate for chronic obstructive pulmonary disease (COPD) patients","MORT-30-COPD","4.77","No Different than the National Rate","258","6.82","4.79","9.41","","07/01/2014","06/30/2017"
"26023F","COLUMBIA MO VA MEDICAL CENTER","800 HOSPITAL DR","COLUMBIA","MO","65201","BOONE","Rate of readmission for chronic obstructive pulmonary disease (COPD) patients","READM-30-COPD","15.62","No Different than the National Rate","297","18.47","15.22","22.24","","07/01/2014","06/30/2017"
"27003F","VA MONTANA HEALTHCARE SYSTEM","3687 VETERANS DRIVE","FORT HARRISON","MT","59636","LEWIS AND CLARK","Death rate for chronic obstructive pulmonary disease (COPD) patients","MORT-30-COPD","4.77","No Different than the National Rate","100","5.99","3.88","9.35","","07/01/2014","06/30/2017"
"27003F","VA MONTANA HEALTHCARE SYSTEM","3687 VETERANS DRIVE","FORT HARRISON","MT","59636","LEWIS AND CLARK","Rate of readmission for chronic obstructive pulmonary disease (COPD) patients","READM-30-COPD","15.62","No Different than the National Rate","109","15.94","12.11","20.32","","07/01/2014","06/30/2017"
"28006F","OMAHA VA MEDICAL CENTER (VA NEBRASKA WESTERN IOWA HEALTHCARE SYSTEM)","4101 WOOLWORTH AVENUE","OMAHA","NE","68105","DOUGLAS","Death rate for chronic obstructive pulmonary disease (COPD) patients","MORT-30-COPD","4.77","No Different than the National Rate","177","6.01","3.85","9.37","","07/01/2014","06/30/2017"
"28006F","OMAHA VA MEDICAL CENTER (VA NEBRASKA WESTERN IOWA HEALTHCARE SYSTEM)","4101 WOOLWORTH AVENUE","OMAHA","NE","68105","DOUGLAS","Rate of readmission for chronic obstructive pulmonary disease (COPD) patients","READM-30-COPD","15.62","No Different than the National Rate","202","12.87","9.97","16.28","","07/01/2014","06/30/2017"
"29002F","VA SIERRA NEVADA HEALTHCARE SYSTEM","975 KIRMAN AVENUE","RENO","NV","89502","WASHOE","Death rate for chronic obstructive pulmonary disease (COPD) patients","MORT-30-COPD","4.77","No Different than the National Rate","229","4.81","3.22","6.93","","07/01/2014","06/30/2017"
"29002F","VA SIERRA NEVADA HEALTHCARE SYSTEM","975 KIRMAN AVENUE","RENO","NV","89502","WASHOE","Rate of readmission for chronic obstructive pulmonary disease (COPD) patients","READM-30-COPD","15.62","Worse than the National Rate","248","15.05","11.95","18.39","","07/01/2014","06/30/2017"
"29004F","VA SOUTHERN NEVADA HEALTHCARE SYSTEM","6900 NORTH PECOS ROAD","N. LAS VEGAS","NV","89086","CLARK","Death rate for chronic obstructive pulmonary disease (COPD) patients","MORT-30-COPD","4.77","No Different than the National Rate","415","3.72","2.69","5.42","","07/01/2014","06/30/2017"
"29004F","VA SOUTHERN NEVADA HEALTHCARE SYSTEM","6900 NORTH PECOS ROAD","N. LAS VEGAS","NV","89086","CLARK","Rate of readmission for chronic obstructive pulmonary disease (COPD) patients","READM-30-COPD","15.62","No Different than the National Rate","464","15.45","12.9","18.72","","07/01/2014","06/30/2017"
"31001F","VA NEW JERSEY HEALTH CARE SYSTEM","385 TREMONT AVENUE","EAST ORANGE","NJ","07018","ESSEX","Death rate for chronic obstructive pulmonary disease (COPD) patients","MORT-30-COPD","4.77","No Different than the National Rate","169","5.65","3.65","8.3","","07/01/2014","06/30/2017"
"31001F","VA NEW JERSEY HEALTH CARE SYSTEM","385 TREMONT AVENUE","EAST ORANGE","NJ","07018","ESSEX","Rate of readmission for chronic obstructive pulmonary disease (COPD) patients","READM-30-COPD","15.62","No Different than the National Rate","186","20.19","15.59","25.15","","07/01/2014","06/30/2017"
"32005F","VA NEW MEXICO HEALTHCARE SYSTEM","1501 SAN PEDRO DRIVE SE","ALBUQUERQUE","NM","87108","BERNALILLO","Death rate for chronic obstructive pulmonary disease (COPD) patients","MORT-30-COPD","4.77","No Different than the National Rate","212","5.06","3.4","7.32","","07/01/2014","06/30/2017"
"32005F","VA NEW MEXICO HEALTHCARE SYSTEM","1501 SAN PEDRO DRIVE SE","ALBUQUERQUE","NM","87108","BERNALILLO","Rate of readmission for chronic obstructive pulmonary disease (COPD) patients","READM-30-COPD","15.62","No Different than the National Rate","227","17.58","14.01","21.82","","07/01/2014","06/30/2017"
"33009F","ALBANY VA MEDICAL CENTER","113 HOLLAND AVENUE","ALBANY","NY","12208","ALBANY","Death rate for chronic obstructive pulmonary disease (COPD) patients","MORT-30-COPD","4.77","No Different than the National Rate","121","5.22","3.49","8.18","","07/01/2014","06/30/2017"
"33009F","ALBANY VA MEDICAL CENTER","113 HOLLAND AVENUE","ALBANY","NY","12208","ALBANY","Rate of readmission for chronic obstructive pulmonary disease (COPD) patients","READM-30-COPD","15.62","No Different than the National Rate","132","16.92","13.01","21.27","","07/01/2014","06/30/2017"
"33011F","BATH VA MEDICAL CENTER","76 VETERANS AVE.","BATH","NY","14810","STEUBEN","Death rate for chronic obstructive pulmonary disease (COPD) patients","MORT-30-COPD","4.77","No Different than the National Rate","104","4.29","2.66","6.92","","07/01/2014","06/30/2017"
"33011F","BATH VA MEDICAL CENTER","76 VETERANS AVE.","BATH","NY","14810","STEUBEN","Rate of readmission for chronic obstructive pulmonary disease (COPD) patients","READM-30-COPD","15.62","No Different than the National Rate","122","17.61","13.53","23.07","","07/01/2014","06/30/2017"
"33012F","UPSTATE NEW YORK VA HEALTHCARE SYSTEM (WESTERN NY VA HEALTHCARE SYSTEM)","3495 BAILEY AVENUE","BUFFALO","NY","14215","ERIE","Death rate for chronic obstructive pulmonary disease (COPD) patients","MORT-30-COPD","4.77","No Different than the National Rate","336","5.79","4","7.98","","07/01/2014","06/30/2017"
"33012F","UPSTATE NEW YORK VA HEALTHCARE SYSTEM (WESTERN NY VA HEALTHCARE SYSTEM)","3495 BAILEY AVENUE","BUFFALO","NY","14215","ERIE","Rate of readmission for chronic obstructive pulmonary disease (COPD) patients","READM-30-COPD","15.62","No Different than the National Rate","370","17.73","14.42","21.19","","07/01/2014","06/30/2017"
"33014F","VA HUDSON VALLEY HEALTHCARE SYSTEM - CASTLE POINT","41 CASTLE POINT ROAD","WAPPINGERS FALLS","NY","12590","DUTCHESS","Death rate for chronic obstructive pulmonary disease (COPD) patients","MORT-30-COPD","4.77","No Different than the National Rate","33","4.61","2.67","7.62","","07/01/2014","06/30/2017"
"33014F","VA HUDSON VALLEY HEALTHCARE SYSTEM - CASTLE POINT","41 CASTLE POINT ROAD","WAPPINGERS FALLS","NY","12590","DUTCHESS","Rate of readmission for chronic obstructive pulmonary disease (COPD) patients","READM-30-COPD","15.62","No Different than the National Rate","44","14.67","10.64","19.61","","07/01/2014","06/30/2017"
"33015F","VA HUDSON VALLEY HEALTHCARE SYSTEM","2094 ALBANY POST ROAD","MONTROSE","NY","10548","WESTCHESTER","Death rate for chronic obstructive pulmonary disease (COPD) patients","MORT-30-COPD","4.77","Not Available","Not Available","Not Available","Not Available","Not Available","5 - Results are not available for this reporting period.","07/01/2014","06/30/2017"
"33015F","VA HUDSON VALLEY HEALTHCARE SYSTEM","2094 ALBANY POST ROAD","MONTROSE","NY","10548","WESTCHESTER","Rate of readmission for chronic obstructive pulmonary disease (COPD) patients","READM-30-COPD","15.62","Not Available","Not Available","Not Available","Not Available","Not Available","5 - Results are not available for this reporting period.","07/01/2014","06/30/2017"
"33016F","BRONX VA MEDICAL CENTER","130 WEST KINGSBRIDGE ROAD","BRONX","NY","10468","BRONX","Death rate for chronic obstructive pulmonary disease (COPD) patients","MORT-30-COPD","4.77","No Different than the National Rate","124","4.96","3.22","7.4","","07/01/2014","06/30/2017"
"33016F","BRONX VA MEDICAL CENTER","130 WEST KINGSBRIDGE ROAD","BRONX","NY","10468","BRONX","Rate of readmission for chronic obstructive pulmonary disease (COPD) patients","READM-30-COPD","15.62","Worse than the National Rate","148","21.15","16.57","26.93","","07/01/2014","06/30/2017"
"33017F","VA NEW YORK HARBOR HEALTHCARE SYSTEM - NY DIV.","423 EAST 23RD STREET","NEW YORK","NY","10010","NEW YORK","Death rate for chronic obstructive pulmonary disease (COPD) patients","MORT-30-COPD","4.77","No Different than the National Rate","128","3.67","2.25","5.97","","07/01/2014","06/30/2017"
"33017F","VA NEW YORK HARBOR HEALTHCARE SYSTEM - NY DIV.","423 EAST 23RD STREET","NEW YORK","NY","10010","NEW YORK","Rate of readmission for chronic obstructive pulmonary disease (COPD) patients","READM-30-COPD","15.62","Worse than the National Rate","149","15.3","11.87","19.57","","07/01/2014","06/30/2017"
"33019F","NORTHPORT VA MEDICAL CENTER","79 MIDDLEVILLE ROAD","NORTHPORT","NY","11768","SUFFOLK","Death rate for chronic obstructive pulmonary disease (COPD) patients","MORT-30-COPD","4.77","No Different than the National Rate","157","3.92","2.4","6.24","","07/01/2014","06/30/2017"
"33019F","NORTHPORT VA MEDICAL CENTER","79 MIDDLEVILLE ROAD","NORTHPORT","NY","11768","SUFFOLK","Rate of readmission for chronic obstructive pulmonary disease (COPD) patients","READM-30-COPD","15.62","Worse than the National Rate","186","17.39","13.46","21.49","","07/01/2014","06/30/2017"
"33020F","VA NEW YORK HARBOR HEALTHCARE SYSTEM - BROOKLYN","800 POLY PLACE","BROOKLYN","NY","11209","KINGS","Death rate for chronic obstructive pulmonary disease (COPD) patients","MORT-30-COPD","4.77","No Different than the National Rate","151","4.06","2.46","6.72","","07/01/2014","06/30/2017"
"33020F","VA NEW YORK HARBOR HEALTHCARE SYSTEM - BROOKLYN","800 POLY PLACE","BROOKLYN","NY","11209","KINGS","Rate of readmission for chronic obstructive pulmonary disease (COPD) patients","READM-30-COPD","15.62","No Different than the National Rate","165","14.61","11.56","18.15","","07/01/2014","06/30/2017"
"33024F","SYRACUSE VA MEDICAL CENTER","800 IRVING AVE.","SYRACUSE","NY","13210","ONONDAGA","Death rate for chronic obstructive pulmonary disease (COPD) patients","MORT-30-COPD","4.77","No Different than the National Rate","197","6.04","4.12","8.48","","07/01/2014","06/30/2017"
"33024F","SYRACUSE VA MEDICAL CENTER","800 IRVING AVE.","SYRACUSE","NY","13210","ONONDAGA","Rate of readmission for chronic obstructive pulmonary disease (COPD) patients","READM-30-COPD","15.62","Worse than the National Rate","220","20.95","17.06","25.37","","07/01/2014","06/30/2017"
"34012F","DURHAM VA MEDICAL CENTER","508 FULTON STREET","DURHAM","NC","27705","DURHAM","Death rate for chronic obstructive pulmonary disease (COPD) patients","MORT-30-COPD","4.77","No Different than the National Rate","203","4.86","3.33","7.2","","07/01/2014","06/30/2017"
"34012F","DURHAM VA MEDICAL CENTER","508 FULTON STREET","DURHAM","NC","27705","DURHAM","Rate of readmission for chronic obstructive pulmonary disease (COPD) patients","READM-30-COPD","15.62","Worse than the National Rate","212","17.2","13.71","21.44","","07/01/2014","06/30/2017"
"34013F","FAYETTEVILLE NC VA MEDICAL CENTER","2300 RAMSEY STREET","FAYETTEVILLE","NC","28301","CUMBERLAND","Death rate for chronic obstructive pulmonary disease (COPD) patients","MORT-30-COPD","4.77","No Different than the National Rate","127","3.97","2.42","6.33","","07/01/2014","06/30/2017"
"34013F","FAYETTEVILLE NC VA MEDICAL CENTER","2300 RAMSEY STREET","FAYETTEVILLE","NC","28301","CUMBERLAND","Rate of readmission for chronic obstructive pulmonary disease (COPD) patients","READM-30-COPD","15.62","No Different than the National Rate","150","14.3","10.93","18.21","","07/01/2014","06/30/2017"
"34017F","W.G. (BILL) HEFNER SALISBURY VA MEDICAL CENTER (SALSBURY)","1601 BRENNER AVENUE","SALISBURY","NC","28144","ROWAN","Death rate for chronic obstructive pulmonary disease (COPD) patients","MORT-30-COPD","4.77","No Different than the National Rate","99","4.99","3.14","8.4","","07/01/2014","06/30/2017"
"34017F","W.G. (BILL) HEFNER SALISBURY VA MEDICAL CENTER (SALSBURY)","1601 BRENNER AVENUE","SALISBURY","NC","28144","ROWAN","Rate of readmission for chronic obstructive pulmonary disease (COPD) patients","READM-30-COPD","15.62","No Different than the National Rate","105","14.83","11.64","19.31","","07/01/2014","06/30/2017"
"34036F","ASHEVILLE-OTEEN VA MEDICAL CENTER","1100 TUNNEL ROAD","ASHEVILLE","NC","28805","BUNCOMBE","Death rate for chronic obstructive pulmonary disease (COPD) patients","MORT-30-COPD","4.77","Better than the National Rate","201","5.85","3.96","8.34","","07/01/2014","06/30/2017"
"34036F","ASHEVILLE-OTEEN VA MEDICAL CENTER","1100 TUNNEL ROAD","ASHEVILLE","NC","28805","BUNCOMBE","Rate of readmission for chronic obstructive pulmonary disease (COPD) patients","READM-30-COPD","15.62","No Different than the National Rate","200","13.47","10.41","17.29","","07/01/2014","06/30/2017"
"35002F","FARGO VA MEDICAL CENTER","2101 ELM STREET","FARGO","ND","58102","CASS","Death rate for chronic obstructive pulmonary disease (COPD) patients","MORT-30-COPD","4.77","No Different than the National Rate","111","4.78","2.94","7.54","","07/01/2014","06/30/2017"
"35002F","FARGO VA MEDICAL CENTER","2101 ELM STREET","FARGO","ND","58102","CASS","Rate of readmission for chronic obstructive pulmonary disease (COPD) patients","READM-30-COPD","15.62","No Different than the National Rate","116","17.16","13.09","21.69","","07/01/2014","06/30/2017"
"36001F","CLEVELAND-WADE PARK VA MEDICAL CENTER","10701 EAST BLVD","CLEVELAND","OH","44106","CUYAHOGA","Death rate for chronic obstructive pulmonary disease (COPD) patients","MORT-30-COPD","4.77","No Different than the National Rate","373","4.71","3.24","6.68","","07/01/2014","06/30/2017"
"36001F","CLEVELAND-WADE PARK VA MEDICAL CENTER","10701 EAST BLVD","CLEVELAND","OH","44106","CUYAHOGA","Rate of readmission for chronic obstructive pulmonary disease (COPD) patients","READM-30-COPD","15.62","No Different than the National Rate","412","13.23","10.74","16.41","","07/01/2014","06/30/2017"
"36003F","CINCINNATI VA MEDICAL CENTER","3200 VINE STREET","CINCINNATI","OH","45220","HAMILTON","Death rate for chronic obstructive pulmonary disease (COPD) patients","MORT-30-COPD","4.77","No Different than the National Rate","343","3.52","2.34","5.19","","07/01/2014","06/30/2017"
"36003F","CINCINNATI VA MEDICAL CENTER","3200 VINE STREET","CINCINNATI","OH","45220","HAMILTON","Rate of readmission for chronic obstructive pulmonary disease (COPD) patients","READM-30-COPD","15.62","No Different than the National Rate","400","19.37","16.22","23.09","","07/01/2014","06/30/2017"
"36007F","DAYTON VA MEDICAL CENTER","4100 WEST THIRD STREET","DAYTON","OH","45428","MONTGOMERY","Death rate for chronic obstructive pulmonary disease (COPD) patients","MORT-30-COPD","4.77","No Different than the National Rate","252","5.92","3.99","8.42","","07/01/2014","06/30/2017"
"36007F","DAYTON VA MEDICAL CENTER","4100 WEST THIRD STREET","DAYTON","OH","45428","MONTGOMERY","Rate of readmission for chronic obstructive pulmonary disease (COPD) patients","READM-30-COPD","15.62","No Different than the National Rate","285","16.7","13.64","20.32","","07/01/2014","06/30/2017"
"36008F","CHILLICOTHE VA MEDICAL CENTER","17273 STATE ROUTE 104","CHILLICOTHE","OH","45601","ROSS","Death rate for chronic obstructive pulmonary disease (COPD) patients","MORT-30-COPD","4.77","No Different than the National Rate","175","3.71","2.31","6.09","","07/01/2014","06/30/2017"
"36008F","CHILLICOTHE VA MEDICAL CENTER","17273 STATE ROUTE 104","CHILLICOTHE","OH","45601","ROSS","Rate of readmission for chronic obstructive pulmonary disease (COPD) patients","READM-30-COPD","15.62","No Different than the National Rate","191","18.28","14.35","22.46","","07/01/2014","06/30/2017"
"37012F","MUSKOGEE VA MEDICAL CENTER","1011 HONOR HEIGHTS DRIVE","MUSKOGEE","OK","74401","MUSKOGEE","Death rate for chronic obstructive pulmonary disease (COPD) patients","MORT-30-COPD","4.77","Better than the National Rate","167","4.35","2.73","6.57","","07/01/2014","06/30/2017"
"37012F","MUSKOGEE VA MEDICAL CENTER","1011 HONOR HEIGHTS DRIVE","MUSKOGEE","OK","74401","MUSKOGEE","Rate of readmission for chronic obstructive pulmonary disease (COPD) patients","READM-30-COPD","15.62","No Different than the National Rate","178","16.16","12.52","20.69","","07/01/2014","06/30/2017"
"37014F","OKLAHOMA CITY VA MEDICAL CENTER","921 NE 13TH STREET","OKLAHOMA CITY","OK","73104","OKLAHOMA","Death rate for chronic obstructive pulmonary disease (COPD) patients","MORT-30-COPD","4.77","No Different than the National Rate","251","5.75","4.04","8.57","","07/01/2014","06/30/2017"
"37014F","OKLAHOMA CITY VA MEDICAL CENTER","921 NE 13TH STREET","OKLAHOMA CITY","OK","73104","OKLAHOMA","Rate of readmission for chronic obstructive pulmonary disease (COPD) patients","READM-30-COPD","15.62","No Different than the National Rate","269","14.73","11.68","18.11","","07/01/2014","06/30/2017"
"38003F","PORTLAND VA MEDICAL CENTER","3710 SW US VETERANS HOSPITAL","PORTLAND","OR","97239","MULTNOMAH","Death rate for chronic obstructive pulmonary disease (COPD) patients","MORT-30-COPD","4.77","Better than the National Rate","402","3.02","1.99","4.51","","07/01/2014","06/30/2017"
"38003F","PORTLAND VA MEDICAL CENTER","3710 SW US VETERANS HOSPITAL","PORTLAND","OR","97239","MULTNOMAH","Rate of readmission for chronic obstructive pulmonary disease (COPD) patients","READM-30-COPD","15.62","No Different than the National Rate","432","13.97","11.27","16.99","","07/01/2014","06/30/2017"
"38004F","VA ROSEBURG HEALTHCARE SYSTEM","913 NW GARDEN VALLEY BLVD.","ROSEBURG","OR","97471","DOUGLAS","Death rate for chronic obstructive pulmonary disease (COPD) patients","MORT-30-COPD","4.77","No Different than the National Rate","95","4.32","2.69","7.02","","07/01/2014","06/30/2017"
"38004F","VA ROSEBURG HEALTHCARE SYSTEM","913 NW GARDEN VALLEY BLVD.","ROSEBURG","OR","97471","DOUGLAS","Rate of readmission for chronic obstructive pulmonary disease (COPD) patients","READM-30-COPD","15.62","No Different than the National Rate","99","13.69","10.36","18.13","","07/01/2014","06/30/2017"
"39001F","JAMES E. VAN ZANDT VA MEDICAL CENTER (ALTOONA)","2907 PLEASANT VALLEY BOULEVARD","ALTOONA","PA","16602","BLAIR","Death rate for chronic obstructive pulmonary disease (COPD) patients","MORT-30-COPD","4.77","No Different than the National Rate","43","4.19","2.41","7.07","","07/01/2014","06/30/2017"
"39001F","JAMES E. VAN ZANDT VA MEDICAL CENTER (ALTOONA)","2907 PLEASANT VALLEY BOULEVARD","ALTOONA","PA","16602","BLAIR","Rate of readmission for chronic obstructive pulmonary disease (COPD) patients","READM-30-COPD","15.62","No Different than the National Rate","40","13.69","10.03","18.82","","07/01/2014","06/30/2017"
"39004F","COATESVILLE VA MEDICAL CENTER","1400 BLACK HORSE HILL ROAD","COATESVILLE","PA","19320","CHESTER","Death rate for chronic obstructive pulmonary disease (COPD) patients","MORT-30-COPD","4.77","Number of Cases Too Small","Not Available","Not Available","Not Available","Not Available","1 - The number of cases/patients is too few to report.","07/01/2014","06/30/2017"
"39004F","COATESVILLE VA MEDICAL CENTER","1400 BLACK HORSE HILL ROAD","COATESVILLE","PA","19320","CHESTER","Rate of readmission for chronic obstructive pulmonary disease (COPD) patients","READM-30-COPD","15.62","Number of Cases Too Small","Not Available","Not Available","Not Available","Not Available","1 - The number of cases/patients is too few to report.","07/01/2014","06/30/2017"
"39005F","ERIE VA MEDICAL CENTER","135 EAST 38TH STREET","ERIE","PA","16504","ERIE","Death rate for chronic obstructive pulmonary disease (COPD) patients","MORT-30-COPD","4.77","No Different than the National Rate","74","4.34","2.75","7.05","","07/01/2014","06/30/2017"
"39005F","ERIE VA MEDICAL CENTER","135 EAST 38TH STREET","ERIE","PA","16504","ERIE","Rate of readmission for chronic obstructive pulmonary disease (COPD) patients","READM-30-COPD","15.62","No Different than the National Rate","91","13.34","9.98","18.33","","07/01/2014","06/30/2017"
"39006F","LEBANON VA MEDICAL CENTER","1700 SOUTH LINCOLN AVENUE","LEBANON","PA","17042","LEBANON","Death rate for chronic obstructive pulmonary disease (COPD) patients","MORT-30-COPD","4.77","No Different than the National Rate","149","5.07","3.37","7.86","","07/01/2014","06/30/2017"
"39006F","LEBANON VA MEDICAL CENTER","1700 SOUTH LINCOLN AVENUE","LEBANON","PA","17042","LEBANON","Rate of readmission for chronic obstructive pulmonary disease (COPD) patients","READM-30-COPD","15.62","No Different than the National Rate","165","17.47","13.35","21.71","","07/01/2014","06/30/2017"
"39009F","PHILADELPHIA VA MEDICAL CENTER","3900 WOODLAND AVENUE","PHILADELPHIA","PA","19104","PHILADELPHIA","Death rate for chronic obstructive pulmonary disease (COPD) patients","MORT-30-COPD","4.77","No Different than the National Rate","198","4.53","2.92","6.97","","07/01/2014","06/30/2017"
"39009F","PHILADELPHIA VA MEDICAL CENTER","3900 WOODLAND AVENUE","PHILADELPHIA","PA","19104","PHILADELPHIA","Rate of readmission for chronic obstructive pulmonary disease (COPD) patients","READM-30-COPD","15.62","No Different than the National Rate","216","15.17","12.13","18.92","","07/01/2014","06/30/2017"
"39012F","VA PITTSBURGH HEALTHCARE SYSTEM - UNIV DR","UNIVERSITY DRIVE","PITTSBURGH","PA","15240","ALLEGHENY","Death rate for chronic obstructive pulmonary disease (COPD) patients","MORT-30-COPD","4.77","No Different than the National Rate","366","4.86","3.53","7.01","","07/01/2014","06/30/2017"
"39012F","VA PITTSBURGH HEALTHCARE SYSTEM - UNIV DR","UNIVERSITY DRIVE","PITTSBURGH","PA","15240","ALLEGHENY","Rate of readmission for chronic obstructive pulmonary disease (COPD) patients","READM-30-COPD","15.62","Worse than the National Rate","434","16.09","13.5","19.35","","07/01/2014","06/30/2017"
"39013F","WILKES BARRE VA MEDICAL CENTER","1111 EAST END BOULEVARD","WILKES-BARRE","PA","18711","LUZERNE","Death rate for chronic obstructive pulmonary disease (COPD) patients","MORT-30-COPD","4.77","No Different than the National Rate","216","3.49","2.14","5.65","","07/01/2014","06/30/2017"
"39013F","WILKES BARRE VA MEDICAL CENTER","1111 EAST END BOULEVARD","WILKES-BARRE","PA","18711","LUZERNE","Rate of readmission for chronic obstructive pulmonary disease (COPD) patients","READM-30-COPD","15.62","No Different than the National Rate","237","15.14","11.88","19.27","","07/01/2014","06/30/2017"
"40003F","SAN JUAN VA MEDICAL CENTER","10 CALLE CASIA","SAN JUAN","PR","00921","SAN JUAN","Death rate for chronic obstructive pulmonary disease (COPD) patients","MORT-30-COPD","4.77","No Different than the National Rate","404","4.38","3.17","5.9","","07/01/2014","06/30/2017"
"40003F","SAN JUAN VA MEDICAL CENTER","10 CALLE CASIA","SAN JUAN","PR","00921","SAN JUAN","Rate of readmission for chronic obstructive pulmonary disease (COPD) patients","READM-30-COPD","15.62","Worse than the National Rate","443","14.31","12.14","17.05","","07/01/2014","06/30/2017"
"41005F","PROVIDENCE VA MEDICAL CENTER","830 CHALKSTONE AVENUE","PROVIDENCE","RI","02908","PROVIDENCE","Death rate for chronic obstructive pulmonary disease (COPD) patients","MORT-30-COPD","4.77","No Different than the National Rate","259","4.49","3.22","6.38","","07/01/2014","06/30/2017"
"41005F","PROVIDENCE VA MEDICAL CENTER","830 CHALKSTONE AVENUE","PROVIDENCE","RI","02908","PROVIDENCE","Rate of readmission for chronic obstructive pulmonary disease (COPD) patients","READM-30-COPD","15.62","No Different than the National Rate","282","15.94","13.12","19.49","","07/01/2014","06/30/2017"
"42011F","COLUMBIA SC VA MEDICAL CENTER","6439 GARNERS FERRY ROAD","COLUMBIA","SC","29209","RICHLAND","Death rate for chronic obstructive pulmonary disease (COPD) patients","MORT-30-COPD","4.77","No Different than the National Rate","195","4.85","3.14","7.57","","07/01/2014","06/30/2017"
"42011F","COLUMBIA SC VA MEDICAL CENTER","6439 GARNERS FERRY ROAD","COLUMBIA","SC","29209","RICHLAND","Rate of readmission for chronic obstructive pulmonary disease (COPD) patients","READM-30-COPD","15.62","No Different than the National Rate","226","13.67","10.83","17.09","","07/01/2014","06/30/2017"
"42029F","CHARLESTON VA MEDICAL CENTER","109 BEE STREET","CHARLESTON","SC","29401","CHARLESTON","Death rate for chronic obstructive pulmonary disease (COPD) patients","MORT-30-COPD","4.77","No Different than the National Rate","160","4.27","2.75","6.54","","07/01/2014","06/30/2017"
"42029F","CHARLESTON VA MEDICAL CENTER","109 BEE STREET","CHARLESTON","SC","29401","CHARLESTON","Rate of readmission for chronic obstructive pulmonary disease (COPD) patients","READM-30-COPD","15.62","No Different than the National Rate","176","15.33","12.03","18.85","","07/01/2014","06/30/2017"
"43002F","VA BLACK HILLS HEALTHCARE SYSTEM - FORT MEADE","113 COMANCHE ROAD","FORT MEADE","SD","57741","MEADE","Death rate for chronic obstructive pulmonary disease (COPD) patients","MORT-30-COPD","4.77","No Different than the National Rate","75","6.32","3.77","10.16","","07/01/2014","06/30/2017"
"43002F","VA BLACK HILLS HEALTHCARE SYSTEM - FORT MEADE","113 COMANCHE ROAD","FORT MEADE","SD","57741","MEADE","Rate of readmission for chronic obstructive pulmonary disease (COPD) patients","READM-30-COPD","15.62","No Different than the National Rate","78","14.19","10.91","18.6","","07/01/2014","06/30/2017"
"43003F","VA BLACK HILLS HEALTHCARE SYSTEM - HOT SPRINGS","500 NORTH 5TH STREET","HOT SPRINGS","SD","57747","FALL RIVER","Death rate for chronic obstructive pulmonary disease (COPD) patients","MORT-30-COPD","4.77","No Different than the National Rate","25","5.02","2.98","8.32","","07/01/2014","06/30/2017"
"43003F","VA BLACK HILLS HEALTHCARE SYSTEM - HOT SPRINGS","500 NORTH 5TH STREET","HOT SPRINGS","SD","57747","FALL RIVER","Rate of readmission for chronic obstructive pulmonary disease (COPD) patients","READM-30-COPD","15.62","No Different than the National Rate","25","15.76","11.55","21.42","","07/01/2014","06/30/2017"
"43005F","SIOUX FALLS VA MEDICAL CENTER","2501 WEST 22ND STREET","SIOUX FALLS","SD","57117","MINNEHAHA","Death rate for chronic obstructive pulmonary disease (COPD) patients","MORT-30-COPD","4.77","No Different than the National Rate","91","4.78","2.91","7.9","","07/01/2014","06/30/2017"
"43005F","SIOUX FALLS VA MEDICAL CENTER","2501 WEST 22ND STREET","SIOUX FALLS","SD","57117","MINNEHAHA","Rate of readmission for chronic obstructive pulmonary disease (COPD) patients","READM-30-COPD","15.62","No Different than the National Rate","94","15.92","12.12","21.14","","07/01/2014","06/30/2017"
"44013F","MEMPHIS VA MEDICAL CENTER","1030 JEFFERSON AVENUE","MEMPHIS","TN","38104","SHELBY","Death rate for chronic obstructive pulmonary disease (COPD) patients","MORT-30-COPD","4.77","No Different than the National Rate","173","4.3","2.79","6.75","","07/01/2014","06/30/2017"
"44013F","MEMPHIS VA MEDICAL CENTER","1030 JEFFERSON AVENUE","MEMPHIS","TN","38104","SHELBY","Rate of readmission for chronic obstructive pulmonary disease (COPD) patients","READM-30-COPD","15.62","Worse than the National Rate","200","16.51","13.11","19.87","","07/01/2014","06/30/2017"
"44016F","MOUNTAIN HOME VA MEDICAL CENTER","CORNER OF LAMONT STREET AND VETERANS WAY","MOUNTAIN HOME","TN","37684","WASHINGTON","Death rate for chronic obstructive pulmonary disease (COPD) patients","MORT-30-COPD","4.77","No Different than the National Rate","315","4.13","2.72","6.19","","07/01/2014","06/30/2017"
"44016F","MOUNTAIN HOME VA MEDICAL CENTER","CORNER OF LAMONT STREET AND VETERANS WAY","MOUNTAIN HOME","TN","37684","WASHINGTON","Rate of readmission for chronic obstructive pulmonary disease (COPD) patients","READM-30-COPD","15.62","Worse than the National Rate","345","14.41","11.77","17.34","","07/01/2014","06/30/2017"
"44017F","VA MIDDLE TENNESSEE HEALTHCARE SYSTEM - MURFREESBORO","3400 LEBANON PIKE","MURFREESBORO","TN","37129","RUTHERFORD","Death rate for chronic obstructive pulmonary disease (COPD) patients","MORT-30-COPD","4.77","No Different than the National Rate","113","4.74","2.99","7.33","","07/01/2014","06/30/2017"
"44017F","VA MIDDLE TENNESSEE HEALTHCARE SYSTEM - MURFREESBORO","3400 LEBANON PIKE","MURFREESBORO","TN","37129","RUTHERFORD","Rate of readmission for chronic obstructive pulmonary disease (COPD) patients","READM-30-COPD","15.62","No Different than the National Rate","109","13.31","9.83","17.47","","07/01/2014","06/30/2017"
"44018F","VA MIDDLE TENNESSEE HEALTHCARE SYSTEM","1310 24TH AVENUE SOUTH","NASHVILLE","TN","37212","DAVIDSON","Death rate for chronic obstructive pulmonary disease (COPD) patients","MORT-30-COPD","4.77","No Different than the National Rate","249","5.75","3.86","8.46","","07/01/2014","06/30/2017"
"44018F","VA MIDDLE TENNESSEE HEALTHCARE SYSTEM","1310 24TH AVENUE SOUTH","NASHVILLE","TN","37212","DAVIDSON","Rate of readmission for chronic obstructive pulmonary disease (COPD) patients","READM-30-COPD","15.62","Worse than the National Rate","264","15.47","12.69","19.15","","07/01/2014","06/30/2017"
"45060F","VA AMARILLO HEALTHCARE SYSTEM","6010 AMARILLO BLVD. WEST","AMARILLO","TX","79106","POTTER","Death rate for chronic obstructive pulmonary disease (COPD) patients","MORT-30-COPD","4.77","No Different than the National Rate","121","5.14","3.32","7.89","","07/01/2014","06/30/2017"
"45060F","VA AMARILLO HEALTHCARE SYSTEM","6010 AMARILLO BLVD. WEST","AMARILLO","TX","79106","POTTER","Rate of readmission for chronic obstructive pulmonary disease (COPD) patients","READM-30-COPD","15.62","No Different than the National Rate","123","15.23","11.51","19.28","","07/01/2014","06/30/2017"
"45066F","DALLAS VA MEDICAL CENTER (VA NORTH TEXAS HEALTHCARE SYSTEM)","4500 S. LANCASTER ROAD","DALLAS","TX","75216","DALLAS","Death rate for chronic obstructive pulmonary disease (COPD) patients","MORT-30-COPD","4.77","Better than the National Rate","336","5.61","3.87","8.03","","07/01/2014","06/30/2017"
"45066F","DALLAS VA MEDICAL CENTER (VA NORTH TEXAS HEALTHCARE SYSTEM)","4500 S. LANCASTER ROAD","DALLAS","TX","75216","DALLAS","Rate of readmission for chronic obstructive pulmonary disease (COPD) patients","READM-30-COPD","15.62","Worse than the National Rate","371","14.34","11.53","17.62","","07/01/2014","06/30/2017"
"45074F","HOUSTON VA MEDICAL CENTER","2002 HOLCOMBE BLVD.","HOUSTON","TX","77030","HARRIS","Death rate for chronic obstructive pulmonary disease (COPD) patients","MORT-30-COPD","4.77","No Different than the National Rate","283","5.21","3.53","7.47","","07/01/2014","06/30/2017"
"45074F","HOUSTON VA MEDICAL CENTER","2002 HOLCOMBE BLVD.","HOUSTON","TX","77030","HARRIS","Rate of readmission for chronic obstructive pulmonary disease (COPD) patients","READM-30-COPD","15.62","Worse than the National Rate","285","15.76","12.66","19.53","","07/01/2014","06/30/2017"
"45086F","TEMPLE VA MEDICAL CENTER (VA CENTRAL TEXAS HEALTHCARE SYSTEM)","1901 VETERANS MEMORIAL DRIVE","TEMPLE","TX","76504","BELL","Death rate for chronic obstructive pulmonary disease (COPD) patients","MORT-30-COPD","4.77","No Different than the National Rate","346","5.06","3.53","6.99","","07/01/2014","06/30/2017"
"45086F","TEMPLE VA MEDICAL CENTER (VA CENTRAL TEXAS HEALTHCARE SYSTEM)","1901 VETERANS MEMORIAL DRIVE","TEMPLE","TX","76504","BELL","Rate of readmission for chronic obstructive pulmonary disease (COPD) patients","READM-30-COPD","15.62","No Different than the National Rate","378","15.51","12.83","18.49","","07/01/2014","06/30/2017"
"45090F","SAN ANTONIO VA MEDICAL CENTER (VA SOUTH TEXAS HEALTHCARE SYSTEM)","7400 MERTON MINTER BLVD.","SAN ANTONIO","TX","78229","BEXAR","Death rate for chronic obstructive pulmonary disease (COPD) patients","MORT-30-COPD","4.77","No Different than the National Rate","259","4.93","3.41","7.28","","07/01/2014","06/30/2017"
"45090F","SAN ANTONIO VA MEDICAL CENTER (VA SOUTH TEXAS HEALTHCARE SYSTEM)","7400 MERTON MINTER BLVD.","SAN ANTONIO","TX","78229","BEXAR","Rate of readmission for chronic obstructive pulmonary disease (COPD) patients","READM-30-COPD","15.62","No Different than the National Rate","283","14.89","11.88","17.95","","07/01/2014","06/30/2017"
"46002F","VA SALT LAKE CITY HEALTHCARE - GEORGE E. WAHLEN VA MEDICAL CENTER","500 FOOTHILL BLVD.","SALT LAKE CITY","UT","84148","SALT LAKE","Death rate for chronic obstructive pulmonary disease (COPD) patients","MORT-30-COPD","4.77","No Different than the National Rate","138","6.13","4.04","9.34","","07/01/2014","06/30/2017"
"46002F","VA SALT LAKE CITY HEALTHCARE - GEORGE E. WAHLEN VA MEDICAL CENTER","500 FOOTHILL BLVD.","SALT LAKE CITY","UT","84148","SALT LAKE","Rate of readmission for chronic obstructive pulmonary disease (COPD) patients","READM-30-COPD","15.62","No Different than the National Rate","146","12.98","9.58","16.89","","07/01/2014","06/30/2017"
"47001F","WHITE RIVER JCT VA MEDICAL CENTER","163 VETERANS DRIVE","WHITE RIVER JUNCTION","VT","05009","WINDSOR","Death rate for chronic obstructive pulmonary disease (COPD) patients","MORT-30-COPD","4.77","No Different than the National Rate","117","5.82","3.85","8.88","","07/01/2014","06/30/2017"
"47001F","WHITE RIVER JCT VA MEDICAL CENTER","163 VETERANS DRIVE","WHITE RIVER JUNCTION","VT","05009","WINDSOR","Rate of readmission for chronic obstructive pulmonary disease (COPD) patients","READM-30-COPD","15.62","No Different than the National Rate","135","14.42","11.1","18.27","","07/01/2014","06/30/2017"
"49006F","HAMPTON VA MEDICAL CENTER","100 EMANCIPATION DRIVE","HAMPTON","VA","23667","HAMPTON CITY","Death rate for chronic obstructive pulmonary disease (COPD) patients","MORT-30-COPD","4.77","No Different than the National Rate","87","5.1","3.18","7.81","","07/01/2014","06/30/2017"
"49006F","HAMPTON VA MEDICAL CENTER","100 EMANCIPATION DRIVE","HAMPTON","VA","23667","HAMPTON CITY","Rate of readmission for chronic obstructive pulmonary disease (COPD) patients","READM-30-COPD","15.62","No Different than the National Rate","87","12.47","9.05","17.04","","07/01/2014","06/30/2017"
"49010F","RICHMOND VA MEDICAL CENTER","1201 BROAD ROCK BOULEVARD","RICHMOND","VA","23249","RICHMOND CITY","Death rate for chronic obstructive pulmonary disease (COPD) patients","MORT-30-COPD","4.77","No Different than the National Rate","222","4.18","2.62","6.48","","07/01/2014","06/30/2017"
"49010F","RICHMOND VA MEDICAL CENTER","1201 BROAD ROCK BOULEVARD","RICHMOND","VA","23249","RICHMOND CITY","Rate of readmission for chronic obstructive pulmonary disease (COPD) patients","READM-30-COPD","15.62","Worse than the National Rate","247","17.59","14.07","21.6","","07/01/2014","06/30/2017"
"49011F","SALEM VA MEDICAL CENTER","1970 ROANOKE BOULEVARD","SALEM","VA","24153","SALEM CITY","Death rate for chronic obstructive pulmonary disease (COPD) patients","MORT-30-COPD","4.77","No Different than the National Rate","186","4.18","2.69","6.4","","07/01/2014","06/30/2017"
"49011F","SALEM VA MEDICAL CENTER","1970 ROANOKE BOULEVARD","SALEM","VA","24153","SALEM CITY","Rate of readmission for chronic obstructive pulmonary disease (COPD) patients","READM-30-COPD","15.62","Worse than the National Rate","199","18.34","14.42","22.93","","07/01/2014","06/30/2017"
"50011F","SPOKANE VA MEDICAL CENTER","4815 N. ASSEMBLY STREET","SPOKANE","WA","99205","SPOKANE","Death rate for chronic obstructive pulmonary disease (COPD) patients","MORT-30-COPD","4.77","Better than the National Rate","103","6.55","4.11","10.07","","07/01/2014","06/30/2017"
"50011F","SPOKANE VA MEDICAL CENTER","4815 N. ASSEMBLY STREET","SPOKANE","WA","99205","SPOKANE","Rate of readmission for chronic obstructive pulmonary disease (COPD) patients","READM-30-COPD","15.62","No Different than the National Rate","103","14.73","11.5","19.1","","07/01/2014","06/30/2017"
"50030F","SEATTLE VA MEDICAL CENTER (VA PUGET SOUND HEALTHCARE SYSTEM)","1660 S. COLUMBIAN WAY","SEATTLE","WA","98108","KING","Death rate for chronic obstructive pulmonary disease (COPD) patients","MORT-30-COPD","4.77","Better than the National Rate","153","3.93","2.53","6.31","","07/01/2014","06/30/2017"
"50030F","SEATTLE VA MEDICAL CENTER (VA PUGET SOUND HEALTHCARE SYSTEM)","1660 S. COLUMBIAN WAY","SEATTLE","WA","98108","KING","Rate of readmission for chronic obstructive pulmonary disease (COPD) patients","READM-30-COPD","15.62","No Different than the National Rate","157","14.91","11.67","19.44","","07/01/2014","06/30/2017"
"51002F","BECKLEY VA MEDICAL CENTER","200 VETERANS AVENUE","BECKLEY","WV","25801","RALEIGH","Death rate for chronic obstructive pulmonary disease (COPD) patients","MORT-30-COPD","4.77","Better than the National Rate","225","4.9","3.36","7.13","","07/01/2014","06/30/2017"
"51002F","BECKLEY VA MEDICAL CENTER","200 VETERANS AVENUE","BECKLEY","WV","25801","RALEIGH","Rate of readmission for chronic obstructive pulmonary disease (COPD) patients","READM-30-COPD","15.62","Worse than the National Rate","248","18.92","15.08","22.98","","07/01/2014","06/30/2017"
"51003F","CLARKSBURG VA MEDICAL CENTER","1 MEDICAL CENTER DRIVE","CLARKSBURG","WV","26301","HARRISON","Death rate for chronic obstructive pulmonary disease (COPD) patients","MORT-30-COPD","4.77","No Different than the National Rate","252","6.14","4.17","8.92","","07/01/2014","06/30/2017"
"51003F","CLARKSBURG VA MEDICAL CENTER","1 MEDICAL CENTER DRIVE","CLARKSBURG","WV","26301","HARRISON","Rate of readmission for chronic obstructive pulmonary disease (COPD) patients","READM-30-COPD","15.62","Worse than the National Rate","313","18.56","15.38","22.25","","07/01/2014","06/30/2017"
"51004F","HUNTINGTON VA MEDICAL CENTER","1540 SPRING VALLEY ROAD","HUNTINGTON","WV","25704","WAYNE","Death rate for chronic obstructive pulmonary disease (COPD) patients","MORT-30-COPD","4.77","No Different than the National Rate","379","6.32","4.34","8.81","","07/01/2014","06/30/2017"
"51004F","HUNTINGTON VA MEDICAL CENTER","1540 SPRING VALLEY ROAD","HUNTINGTON","WV","25704","WAYNE","Rate of readmission for chronic obstructive pulmonary disease (COPD) patients","READM-30-COPD","15.62","Worse than the National Rate","421","16.8","13.89","19.98","","07/01/2014","06/30/2017"
"51005F","MARTINSBURG VA MEDICAL CENTER","510 BUTLER AVE.","MARTINSBURG","WV","25405","BERKELEY","Death rate for chronic obstructive pulmonary disease (COPD) patients","MORT-30-COPD","4.77","Better than the National Rate","214","4.41","2.79","6.53","","07/01/2014","06/30/2017"
"51005F","MARTINSBURG VA MEDICAL CENTER","510 BUTLER AVE.","MARTINSBURG","WV","25405","BERKELEY","Rate of readmission for chronic obstructive pulmonary disease (COPD) patients","READM-30-COPD","15.62","No Different than the National Rate","239","16.47","12.94","20.25","","07/01/2014","06/30/2017"
"52002F","TOMAH VA MEDICAL CENTER","500 EAST VETERANS STREET","TOMAH","WI","54660","MONROE","Death rate for chronic obstructive pulmonary disease (COPD) patients","MORT-30-COPD","4.77","No Different than the National Rate","66","5.92","3.43","9.79","","07/01/2014","06/30/2017"
"52002F","TOMAH VA MEDICAL CENTER","500 EAST VETERANS STREET","TOMAH","WI","54660","MONROE","Rate of readmission for chronic obstructive pulmonary disease (COPD) patients","READM-30-COPD","15.62","No Different than the National Rate","77","14.26","10.57","19.11","","07/01/2014","06/30/2017"
"52003F","MILWAUKEE VA MEDICAL CENTER","5000 W. NATIONAL AVENUE","MILWAUKEE","WI","53295","MILWAUKEE","Death rate for chronic obstructive pulmonary disease (COPD) patients","MORT-30-COPD","4.77","Better than the National Rate","336","4.01","2.7","5.93","","07/01/2014","06/30/2017"
"52003F","MILWAUKEE VA MEDICAL CENTER","5000 W. NATIONAL AVENUE","MILWAUKEE","WI","53295","MILWAUKEE","Rate of readmission for chronic obstructive pulmonary disease (COPD) patients","READM-30-COPD","15.62","Worse than the National Rate","390","17.23","14.37","20.55","","07/01/2014","06/30/2017"
"52004F","MADISON VA MEDICAL CENTER","2500 OVERLOOK TERRACE","MADISON","WI","53705","DANE","Death rate for chronic obstructive pulmonary disease (COPD) patients","MORT-30-COPD","4.77","No Different than the National Rate","193","4.01","2.66","5.97","","07/01/2014","06/30/2017"
"52004F","MADISON VA MEDICAL CENTER","2500 OVERLOOK TERRACE","MADISON","WI","53705","DANE","Rate of readmission for chronic obstructive pulmonary disease (COPD) patients","READM-30-COPD","15.62","No Different than the National Rate","225","17.84","14.16","21.77","","07/01/2014","06/30/2017"
"53004F","CHEYENNE VA MEDICAL CENTER","2360 E. PERSHING BLVD.","CHEYENNE","WY","82001","LARAMIE","Death rate for chronic obstructive pulmonary disease (COPD) patients","MORT-30-COPD","4.77","No Different than the National Rate","90","5.44","3.34","8.68","","07/01/2014","06/30/2017"
"53004F","CHEYENNE VA MEDICAL CENTER","2360 E. PERSHING BLVD.","CHEYENNE","WY","82001","LARAMIE","Rate of readmission for chronic obstructive pulmonary disease (COPD) patients","READM-30-COPD","15.62","No Different than the National Rate","106","14.78","11.42","19.58","","07/01/2014","06/30/2017"
"53005F","SHERIDAN VA MEDICAL CENTER","1898 FORT ROAD","SHERIDAN","WY","82801","SHERIDAN","Death rate for chronic obstructive pulmonary disease (COPD) patients","MORT-30-COPD","4.77","No Different than the National Rate","Not Available","Not Available","Not Available","Not Available","1 - The number of cases/patients is too few to report.","07/01/2014","06/30/2017"
"53005F","SHERIDAN VA MEDICAL CENTER","1898 FORT ROAD","SHERIDAN","WY","82801","SHERIDAN","Rate of readmission for chronic obstructive pulmonary disease (COPD) patients","READM-30-COPD","15.62","No Different than the National Rate","25","14.34","9.97","19.46","","07/01/2014","06/30/2017"
